{
    "mine": {
        "1-hop": {
            "count": 10,
            "mean": 0.6114198825201254,
            "median": 0.6131533645874447,
            "std_dev": 0.0174855046949725,
            "min": 0.5808849538119624,
            "max": 0.6498256773837414,
            "25th_percentile": 0.6023757639052304,
            "75th_percentile": 0.6172761835026389
        },
        "2-hop": {
            "count": 10,
            "mean": 0.21417376534502902,
            "median": 0.215105180331149,
            "std_dev": 0.010781402677164473,
            "min": 0.1969644602425873,
            "max": 0.23286147208512564,
            "25th_percentile": 0.20535996330005127,
            "75th_percentile": 0.22148796219502598
        },
        "3-hop": {
            "count": 10,
            "mean": 0.15409922635933046,
            "median": 0.1533641353924678,
            "std_dev": 0.009636695998286244,
            "min": 0.13879321248840262,
            "max": 0.17678540988615776,
            "25th_percentile": 0.1486657867087241,
            "75th_percentile": 0.1575394538954534
        }
    },
    "bfs": {
        "1-hop": {
            "count": 3,
            "mean": 0.796959718520425,
            "median": 0.8052930361731214,
            "std_dev": 0.011785124107676057,
            "min": 0.7802930361731215,
            "max": 0.805293083215032,
            "25th_percentile": 0.7927930361731215,
            "75th_percentile": 0.8052930596940767
        },
        "2-hop": {
            "count": 3,
            "mean": 0.40247260618340824,
            "median": 0.41072657443737653,
            "std_dev": 0.011757153679161681,
            "min": 0.3858456220564241,
            "max": 0.4108456220564241,
            "25th_percentile": 0.3982860982469003,
            "75th_percentile": 0.4107860982469003
        },
        "3-hop": {
            "count": 3,
            "mean": 0.44306987267385384,
            "median": 0.451781993885975,
            "std_dev": 0.012320799975220113,
            "min": 0.42564563024961144,
            "max": 0.451781993885975,
            "25th_percentile": 0.43871381206779325,
            "75th_percentile": 0.451781993885975
        }
    }
}